<?xml version="1.0"?>
<doc>
    <assembly>
        <name>HangMan</name>
    </assembly>
    <members>
        <member name="P:HangMan.frmAbout.Default">
            <summary>
            Added by the VB.Net to C# Converter to support default instance behavour in C#
            </summary>
        </member>
        <member name="P:HangMan.frmExpired.Default">
            <summary>
            Added by the VB.Net to C# Converter to support default instance behavour in C#
            </summary>
        </member>
        <member name="P:HangMan.frmNotice.Default">
            <summary>
            Added by the VB.Net to C# Converter to support default instance behavour in C#
            </summary>
        </member>
        <member name="P:HangMan.frmRules.Default">
            <summary>
            Added by the VB.Net to C# Converter to support default instance behavour in C#
            </summary>
        </member>
        <member name="M:HangMan.Program.Main">
            <summary>
            The main entry point for the application.
            </summary>
        </member>
        <member name="T:My.Resources.Resources">
            <summary>
              A strongly-typed resource class, for looking up localized strings, etc.
            </summary>
        </member>
        <member name="P:My.Resources.Resources.ResourceManager">
            <summary>
              Returns the cached ResourceManager instance used by this class.
            </summary>
        </member>
        <member name="P:My.Resources.Resources.Culture">
            <summary>
              Overrides the current thread's CurrentUICulture property for all
              resource lookups using this strongly typed resource class.
            </summary>
        </member>
        <member name="P:My.Resources.Resources.ANIMALS">
            <summary>
              Looks up a localized resource of type System.Drawing.Bitmap.
            </summary>
        </member>
        <member name="P:My.Resources.Resources.End">
            <summary>
              Looks up a localized resource of type System.IO.UnmanagedMemoryStream similar to System.IO.MemoryStream.
            </summary>
        </member>
        <member name="P:My.Resources.Resources.FOOD">
            <summary>
              Looks up a localized resource of type System.Drawing.Bitmap.
            </summary>
        </member>
        <member name="P:My.Resources.Resources.HOLIDAYS">
            <summary>
              Looks up a localized resource of type System.Drawing.Bitmap.
            </summary>
        </member>
        <member name="P:My.Resources.Resources.HOME">
            <summary>
              Looks up a localized resource of type System.Drawing.Bitmap.
            </summary>
        </member>
        <member name="P:My.Resources.Resources.LEISURE">
            <summary>
              Looks up a localized resource of type System.Drawing.Bitmap.
            </summary>
        </member>
        <member name="P:My.Resources.Resources.MISC">
            <summary>
              Looks up a localized resource of type System.Drawing.Bitmap.
            </summary>
        </member>
        <member name="P:My.Resources.Resources.Nwin2">
            <summary>
              Looks up a localized resource of type System.IO.UnmanagedMemoryStream similar to System.IO.MemoryStream.
            </summary>
        </member>
        <member name="P:My.Resources.Resources.SEASONS">
            <summary>
              Looks up a localized resource of type System.Drawing.Bitmap.
            </summary>
        </member>
        <member name="P:My.Resources.Resources.SPORTS">
            <summary>
              Looks up a localized resource of type System.Drawing.Bitmap.
            </summary>
        </member>
        <member name="P:My.Resources.Resources.WEATHER">
            <summary>
              Looks up a localized resource of type System.Drawing.Bitmap.
            </summary>
        </member>
        <member name="P:My.Resources.Resources.Ywin1">
            <summary>
              Looks up a localized resource of type System.IO.UnmanagedMemoryStream similar to System.IO.MemoryStream.
            </summary>
        </member>
        <member name="P:My.Resources.Resources.Ywin2">
            <summary>
              Looks up a localized resource of type System.IO.UnmanagedMemoryStream similar to System.IO.MemoryStream.
            </summary>
        </member>
    </members>
</doc>
